tc_no,tags,persona_class,persona,group_name,description,field1,field2,field3,field4,field5,field6,field7,field8,field9,field10,field11,field12,field13,field14,field15,field16,field17,field18,field19,field20,field21,field22,field23,field24,field25,field26,field27,field28,field29,field30,field31,field32,field33,field34,field35,field36,field37,field38,field39,field40,field41,field42,field43
CR_1,,MorocconMaleAdult,,,,pr_sendOTP(),pr_validateOTP(),pr_addApplication(),pr_addDocument(),pr_bookAppointment().assert(API_CALL),rc_login(),rc_fetchPreRegistrationData(),rc_addApplicantBiometrics(),rc_createPacket(),rc_approveRegistration(),rc_syncPacket(),rc_uploadPacket(),kr_login(),"rp_getRegistrationStatus(5, PROCESSED)",rp_getUIN(),rp_checkUINMail(),ia_sendAuthenticationOTP(),ia_getAuthenticationOTP(),ia_addOTPInfo(),,ia_authentication(),,,,,,,,,,,,,,,,,,,,,,
CR_2,,MorocconMaleAdult,,,,pr_sendOTP(),pr_validateOTP(),pr_addApplication(),pr_addDocument(),pr_bookAppointment().assert(API_CALL),rc_login(),rc_fetchPreRegistrationData(),rc_addApplicantDocuments(),rc_addApplicantBiometrics(),rc_createPacket(),rc_approveRegistration(),rc_syncPacket(),rc_uploadPacket(),kr_login(),"rp_getRegistrationStatus(5, PROCESSED)",rp_getUIN(),rp_checkUINMail(),ia_sendAuthenticationOTP(),ia_getAuthenticationOTP(),ia_addOTPInfo(),ia_addDemographicInfo(),,,,,,,,,,,,,,,,,,,,,,
CR_3,,MorocconMaleAdult,,,,pr_sendOTP(),pr_validateOTP(),pr_addApplication(),pr_addDocument(),pr_bookAppointment(),pr_reBookAppointment().ERROR(PRG_BOOK_RCI_002),rc_login(),rc_fetchPreRegistrationData(),rc_addApplicantBiometrics(),rc_createPacket(),rc_approveRegistration(),rc_syncPacket(),rc_uploadPacket(),kr_login(),"rp_getRegistrationStatus(5, PROCESSED)",rp_getUIN(),rp_checkUINMail(),ia_addBiometricInfo(rightThumb),,,,,,,,,,,,,,,,,,,,,,,,,
CR_4,,MorocconMaleAdult,,,,rc_login(),rc_newRegistration(),rc_addApplicantDemographics(),rc_addApplicantDocuments(),rc_addApplicantBiometrics(),rc_createPacket(),rc_approveRegistration(),rc_syncPacket(),rc_uploadPacket(),kr_login(),"rp_getRegistrationStatus(5, PROCESSED)",rp_getUIN(),rp_checkUINMail(),,,,,,,,,,,,,,,,,,,,,,,,,,,,,,
CR_5,,MorocconMaleAdult,,,,rc_login(),rc_newRegistration(),rc_addApplicantDemographics(),rc_addApplicantDocuments(),rc_addApplicantBiometrics(),rc_createPacket(),rc_approveRegistration(),rc_syncPacket(),rc_uploadPacket(),kr_login(),"rp_getRegistrationStatus(5, PROCESSED)",rp_getUIN(),rp_checkUINMail(),rc_updateUIN(),"mt_updatePerson(dob, 12-Sep-1989)","rc_updateApplicantDemographics(name, dob)",rc_addApplicantDocuments(),"rc_addApplicantBiometrics(face,rightEye)",rc_createPacket(),rc_approveRegistration(),rc_syncPacket(),rc_uploadPacket(),kr_login(),"rp_getRegistrationStatus(5, PROCESSED)",rp_getUIN(),rp_checkUINMail(),,,,,,,,,,,,,,,,,
CR_6,,MorocconMaleAdult,,,,rc_login(),rc_newRegistration(),rc_addApplicantDemographics(),rc_addApplicantDocuments(),rc_addApplicantBiometrics(),rc_createPacket(),rc_approveRegistration(),rc_syncPacket(),rc_uploadPacket(),kr_login(),"rp_getRegistrationStatus(5, PROCESSED)",rp_getUIN(),rp_checkUINMail(),ia_addDemographicInfo(),ia_addBiometricInfo(rightThumb),,,,,,,,,,,,,,,,,,,,,,,,,,,,
CR_8,,MorocconMaleAdult,,,,rc_login(),rc_newRegistration(),rc_addApplicantDemographics(),rc_addApplicantDocuments(),rc_addApplicantBiometrics(),rc_createPacket(),rc_approveRegistration(),rc_syncPacket(),rc_uploadPacket(),kr_login(),"rp_getRegistrationStatus(5, PROCESSED)",rp_getUIN(),rp_checkUINMail(),ia_addDemographicInfo(),ia_addBiometricInfo(rightThumb),,,,,,,,,,,,,,,,,,,,,,,,,,,,
CR_9,,MorocconMaleAdult,,,,rc_login(),rc_newRegistration(),rc_addApplicantDemographics(),rc_addApplicantDocuments(),rc_addApplicantBiometrics(),rc_createPacket(),rc_approveRegistration(),rc_syncPacket(),rc_uploadPacket(),kr_login(),"rp_getRegistrationStatus(5, PROCESSED)",rp_getUIN(),rp_checkUINMail(),rc_updateUIN(),"mt_updatePerson(address, HSR Colony)","rc_updateApplicantDemographics(name, Address line 1)",rc_addApplicantDocuments(),"rc_addApplicantBiometrics(face,rightEye)",rc_createPacket(),rc_approveRegistration(),rc_syncPacket(),rc_uploadPacket(),kr_login(),"rp_getRegistrationStatus(5, PROCESSED)",rp_getUIN(),rp_checkUINMail(),,,,,,,,,,,,,,,,,
CR_10,,MorocconMaleAdult,,,,rc_login(),rc_newRegistration(),rc_addApplicantDemographics(),rc_addApplicantDocuments(),rc_addApplicantBiometrics(),rc_createPacket(),rc_approveRegistration(),rc_syncPacket(),rc_uploadPacket(),kr_login(),"rp_getRegistrationStatus(5, PROCESSED)",rp_getUIN(),rc_login(),rc_newRegistration(),rc_addApplicantDemographics(),rc_addApplicantDocuments(),rc_addApplicantBiometrics(),rc_createPacket(),rc_approveRegistration(),rc_syncPacket(),rc_uploadPacket(),kr_login(),"rp_getRegistrationStatus(5, REJECTED)",,,,,,,,,,,,,,,,,,,,
CR_11,,MorocconMaleAdult,,,,rc_login(),rc_newRegistration(),rc_addApplicantDemographics(),rc_addApplicantDocuments(),rc_addApplicantBiometrics(),rc_createPacket(),rc_approveRegistration(),rc_syncPacket(),rc_uploadPacket(),kr_login(),"rp_getRegistrationStatus(5, PROCESSED)",rp_getUIN(),rp_checkUINMail(),,,,,,,,,,,,,,,,,,,,,,,,,,,,,,
FH_1,,HOF,,,,rc_login(),rc_newRegistration(),rc_addApplicantDemographics(),rc_addApplicantDocuments(),rc_addApplicantBiometrics(),rc_createPacket(),rc_approveRegistration(),rc_syncPacket(),rc_uploadPacket(),kr_login(),"""rp_getRegistrationStatus(5, PROCESSED)",rp_getUIN(),mt_retainPerson(),mt_setPerson(1),mt_setIntroducer(0),rc_newRegistration(),rc_addApplicantDemographics(),rc_addApplicantDocuments(),rc_addApplicantBiometrics(face),rc_addIntroducerBiometrics(leftEye),rc_createPacket(),rc_approveRegistration(),rc_syncPacket(),rc_uploadPacket(),kr_login(),"rp_getRegistrationStatus(5, PROCESSED)",rp_getUIN(),rp_checkUINMail(),,,,,,,,,,,,,,,
BE_1,,HOF,,,,rc_login(),rc_newRegistration(),rc_addApplicantDemographics(),rc_addApplicantDocuments(),rc_addApplicantBiometrics(),rc_createPacket(),rc_approveRegistration(),rc_syncPacket(),rc_uploadPacket(),kr_login(),"""rp_getRegistrationStatus(5, PROCESSED)",rp_getUIN(),mt_retainPerson(),mt_setPerson(1),mt_setIntroducer(0),rc_newRegistration(),rc_addApplicantDemographics(),rc_addApplicantDocuments(),rc_addApplicantBiometrics(face),rc_addIntroducerBiometrics(leftEye),rc_createPacket(),rc_approveRegistration(),rc_syncPacket(),rc_uploadPacket(),kr_login(),"rp_getRegistrationStatus(5, PROCESSED)",rp_getUIN(),rp_checkUINMail(),rc_updateUIN(),"mt_updatePerson(name, Karima Baig)","mt_updatePerson(dob, 12-Sep-2010)","rc_updateApplicantDemographics(name,dob)","rc_addApplicantBiometrics(face, leftEye,rightEye)",rc_addExceptionPhoto(),rc_createPacket(),rc_approveRegistration(),rc_syncPacket(),rc_uploadPacket(),kr_login(),"rp_getRegistrationStatus(5, PROCESSED)",rp_getUIN(),rp_checkUINMail(),
CGF_1,,HOF,,,,rc_login(),rc_newRegistration(),rc_addApplicantDemographics(),rc_addApplicantDocuments(),rc_addApplicantBiometrics(),rc_createPacket(),rc_approveRegistration(),rc_syncPacket(),rc_uploadPacket(),kr_login(),"""rp_getRegistrationStatus(5, PROCESSED)",rp_getUIN(),mt_retainPerson(),mt_setPerson(1),mt_setIntroducer(0),rc_newRegistration(),rc_addApplicantDemographics(),rc_addApplicantDocuments(),rc_addApplicantBiometrics(face),rc_addIntroducerBiometrics(leftEye),rc_createPacket(),rc_approveRegistration(),rc_syncPacket(),rc_uploadPacket(),kr_login(),"rp_getRegistrationStatus(5, PROCESSED)",rp_getUIN(),rp_checkUINMail(),rc_updateUIN(),"mt_updatePerson(name,  Amira Afzal)","mt_updatePerson(dob, 12-Sep-2012)","rc_updateApplicantDemographics(name,dob)",rc_addApplicantBiometrics(),rc_createPacket(),rc_approveRegistration(),rc_syncPacket(),rc_uploadPacket(),kr_login(),"rp_getRegistrationStatus(5, PROCESSED)",rp_getUIN(),rp_checkUINMail(),,
OC_1,,MorocconMaleAdult,,,,rc_login(),rc_newRegistration(),rc_addApplicantDemographics(),rc_addApplicantDocuments(),rc_addApplicantBiometrics(),rc_createPacket(),rc_approveRegistration(),rc_syncPacket(),rc_uploadPacket(),kr_login(),"rp_getRegistrationStatus(5, PROCESSED)",rp_getUIN(),mt_retainPerson(),mt_setPerson(1),mt_setIntroducer(0),rc_newRegistration(),rc_addApplicantDemographics(),rc_addApplicantDocuments(),rc_addApplicantBiometrics(face),rc_addIntroducerBiometrics(leftEye),rc_createPacket(),rc_approveRegistration(),rc_syncPacket(),rc_uploadPacket(),kr_login(),"rp_getRegistrationStatus(5, PROCESSED)",rp_getUIN(),rp_checkUINMail(),,,,,,,,,,,,,,,
SC_1,,MorocconMaleAdult,,,,rc_login(),rc_newRegistration(),rc_addApplicantDemographics(),rc_addApplicantDocuments(),rc_addApplicantBiometrics(),rc_createPacket(),rc_approveRegistration(),rc_syncPacket(),rc_uploadPacket(),kr_login(),"rp_getRegistrationStatus(5, PROCESSED)",rp_getUIN(),rp_checkUINMail(),,,,,,,,,,,,,,,,,,,,,,,,,,,,,,
SC_2,,MorocconMaleAdult,,,,pr_sendOTP(),pr_validateOTP(),pr_addApplication(),pr_addDocument(),pr_bookAppointment().assert(API_CALL),rc_login(),rc_fetchPreRegistrationData(),rc_addApplicantBiometrics(),rc_createPacket(),rc_approveRegistration(),rc_syncPacket(),rc_uploadPacket(),kr_login(),"rp_getRegistrationStatus(5, PROCESSED)",rp_getUIN(),rp_checkUINMail(),pr_sendOTP(),pr_validateOTP(),pr_addApplication(),pr_addDocument(),pr_bookAppointment().assert(API_CALL),rc_login(),rc_fetchPreRegistrationData(),rc_addApplicantBiometrics(),rc_createPacket(),rc_approveRegistration(),rc_syncPacket(),rc_uploadPacket(),kr_login(),"rp_getRegistrationStatus(5, PROCESSED)",rp_getUIN(),rp_checkUINMail(),,,,,,,,,,,
RBE_1,,MorocconMaleAdult,,,,rc_login(),rc_newRegistration(),rc_addApplicantDemographics(),rc_addApplicantDocuments(),"rc_addApplicantBiometrics(face,leftEye,rightEye)",rc_addExceptionPhoto(),rc_createPacket(),rc_approveRegistration(),rc_syncPacket(),rc_uploadPacket(),kr_login(),"rp_getRegistrationStatus(5, PROCESSED)",rp_getUIN(),rp_checkUINMail(),ia_addBiometricInfo(rightThumb),,,,,,,,,,,,,,,,,,,,,,,,,,,,
44,ErrorCodes_Test,MorocconMaleAdult,,,Verify If Request id is invalid,,pr_sendOTP_RequestIdIsInvalid().Error(PRG_PAM_CORE_001),pr_invalidateToken(),,,,,,,,,,,,,,,,,,,,,,,,,,,,,,,,,,,,,,,,
45,ErrorCodes_Test,MorocconMaleAdult,,,Veruft If Request version is invalid,,pr_sendOTP_RequestVersionIsInvalid().Error(PRG_PAM_CORE_002),pr_invalidateToken(),,,,,,,,,,,,,,,,,,,,,,,,,,,,,,,,,,,,,,,,
46,ErrorCodes_Test,MorocconMaleAdult,,,Verify If Request timestamp is invalid,,pr_sendOTP_RequestTimestampIsInvalid().Error(PRG_PAM_CORE_003),pr_invalidateToken(),,,,,,,,,,,,,,,,,,,,,,,,,,,,,,,,,,,,,,,,
47,ErrorCodes_Test,MorocconMaleAdult,,,Verify if User Detail doesn't exist.,,pr_sendOTP().Assert(DONT),pr_validateOTP_UserDetailDoesNotExist().Error(KER-ATH-003),pr_invalidateToken(),,,,,,,,,,,,,,,,,,,,,,,,,,,,,,,,,,,,,,,
48,ErrorCodes_Test,MorocconMaleAdult,,,Verify if OTP can't be empty or null.,,pr_sendOTP().Assert(DONT),pr_validateOTP_OtpCanNotBeEmptyOrNull().Error(KER-OTV-003),pr_invalidateToken(),,,,,,,,,,,,,,,,,,,,,,,,,,,,,,,,,,,,,,,
49,ErrorCodes_Test,MorocconMaleAdult,,,Verify if OTP consists of only numeric characters.,,pr_sendOTP().Assert(DONT),pr_validateOTP_OtpConsistsOtherThanNumerics().Error(KER-OTV-004),pr_invalidateToken(),,,,,,,,,,,,,,,,,,,,,,,,,,,,,,,,,,,,,,,
50,ErrorCodes_Test,MorocconMaleAdult,,,Verify if Request id is invalid,,pr_sendOTP().Assert(DONT),pr_validateOTP_RequestIdIsInvalid().Error(PRG_PAM_CORE_001),pr_invalidateToken(),,,,,,,,,,,,,,,,,,,,,,,,,,,,,,,,,,,,,,,
51,ErrorCodes_Test,MorocconMaleAdult,,,Verify if Request version is invalid,,pr_sendOTP().Assert(DONT),pr_validateOTP_RequestVersionIsInvalid().Error(PRG_PAM_CORE_002),pr_invalidateToken(),,,,,,,,,,,,,,,,,,,,,,,,,,,,,,,,,,,,,,,
52,ErrorCodes_Test,MorocconMaleAdult,,,Verify if Request timestamp is invalid,,pr_sendOTP().Assert(DONT),pr_validateOTP_RequestTimestampIsInvalid().Error(PRG_PAM_CORE_003),pr_invalidateToken(),,,,,,,,,,,,,,,,,,,,,,,,,,,,,,,,,,,,,,,
53,ErrorCodes_Test,MorocconMaleAdult,,,Verify if Request date should be current date,,pr_sendOTP().Assert(DONT),pr_validateOTP_RequestDateShouldBeCurrentDate().Error(PRG_CORE_REQ_013),pr_invalidateToken(),,,,,,,,,,,,,,,,,,,,,,,,,,,,,,,,,,,,,,,
54,ErrorCodes_Test,MorocconMaleAdult,,,Verify if VALIDATION_UNSUCCESSFUL,,pr_sendOTP().Assert(DONT),pr_validateOTP_ValidationUnsuccessful().Error(PRG_PAM_LGN_013),pr_invalidateToken(),,,,,,,,,,,,,,,,,,,,,,,,,,,,,,,,,,,,,,,
55,ErrorCodes_Test,MorocconMaleAdult,,,Verify if Request id is invalid,,pr_sendOTP().Assert(DONT),pr_validateOTP().Assert(DONT),pr_addApplication().Assert(STATUS),pr_addDocument().Assert(API_CALL),pr_bookAppointment().ASSERT(ALL),pr_generateQRCode_RequestIdIsInvalid().Error(PRG_PAM_CORE_001),pr_invalidateToken(),,,,,,,,,,,,,,,,,,,,,,,,,,,,,,,,,,,
56,ErrorCodes_Test,MorocconMaleAdult,,,Verify if Request version is invalid,,pr_sendOTP().Assert(DONT),pr_validateOTP().Assert(DONT),pr_addApplication().Assert(STATUS),pr_addDocument().Assert(API_CALL),pr_bookAppointment().ASSERT(ALL),pr_generateQRCode_RequestVersionIsInvalid().Error(PRG_PAM_CORE_002),pr_invalidateToken(),,,,,,,,,,,,,,,,,,,,,,,,,,,,,,,,,,,
57,ErrorCodes_Test,MorocconMaleAdult,,,Verify if Request timestamp is invalid,,pr_sendOTP().Assert(DONT),pr_validateOTP().Assert(DONT),pr_addApplication().Assert(STATUS),pr_addDocument().Assert(API_CALL),pr_bookAppointment().ASSERT(ALL),pr_generateQRCode_RequestTimestampIsInvalid().Error(PRG_PAM_CORE_003),pr_invalidateToken(),,,,,,,,,,,,,,,,,,,,,,,,,,,,,,,,,,,
58,ErrorCodes_Test,MorocconMaleAdult,,,Request version is invalid,,pr_sendOTP().Assert(DONT),pr_validateOTP().Assert(DONT),pr_addApplication_RequestVersionIsInvalid().Error(PRG_PAM_CORE_002),pr_invalidateToken(),,,,,,,,,,,,,,,,,,,,,,,,,,,,,,,,,,,,,,
59,ErrorCodes_Test,MorocconMaleAdult,,,Request timestamp is invalid,,pr_sendOTP().Assert(DONT),pr_validateOTP().Assert(DONT),pr_addApplication_RequestTimestampIsInvalid().Error(PRG_PAM_CORE_003),pr_invalidateToken(),,,,,,,,,,,,,,,,,,,,,,,,,,,,,,,,,,,,,,
60,ErrorCodes_Test,MorocconMaleAdult,,,Lang code is invalid,,pr_sendOTP().Assert(DONT),pr_validateOTP().Assert(DONT),pr_addApplication_LangCodeIsInvalid().Error(PRG_CORE_REQ_014),pr_invalidateToken(),,,,,,,,,,,,,,,,,,,,,,,,,,,,,,,,,,,,,,
61,ErrorCodes_Test,MorocconMaleAdult,,,pr_addApplication(_Missing input parameter - identity/fullName,,pr_sendOTP().Assert(DONT),pr_validateOTP().Assert(DONT),pr_addApplication_MissingInputParameterIdentityFullname().Error(KER-IOV-005),pr_invalidateToken(),,,,,,,,,,,,,,,,,,,,,,,,,,,,,,,,,,,,,,
62,ErrorCodes_Test,MorocconMaleAdult,,,pr_addApplication(_Missing input parameter - identity/dateOfBirth|identity/age,,pr_sendOTP().Assert(DONT),pr_validateOTP().Assert(DONT),pr_addApplication_MissingInputParameterIdentityDateofbirthIdentityAge().Error(KER-IOV-005),pr_invalidateToken(),,,,,,,,,,,,,,,,,,,,,,,,,,,,,,,,,,,,,,
63,ErrorCodes_Test,MorocconMaleAdult,,,pr_addApplication(_Missing input parameter - identity/gender,,pr_sendOTP().Assert(DONT),pr_validateOTP().Assert(DONT),pr_addApplication_MissingInputParameterIdentityGender().Error(KER-IOV-005),pr_invalidateToken(),,,,,,,,,,,,,,,,,,,,,,,,,,,,,,,,,,,,,,
64,ErrorCodes_Test,MorocconMaleAdult,,,pr_addApplication(_Missing input parameter - identity/residenceStatus,,pr_sendOTP().Assert(DONT),pr_validateOTP().Assert(DONT),pr_addApplication_MissingInputParameterIdentityResidencestatus().Error(KER-IOV-005),pr_invalidateToken(),,,,,,,,,,,,,,,,,,,,,,,,,,,,,,,,,,,,,,
65,ErrorCodes_Test,MorocconMaleAdult,,,pr_addApplication(_Missing input parameter - identity/addressLine1,,pr_sendOTP().Assert(DONT),pr_validateOTP().Assert(DONT),pr_addApplication_MissingInputParameterIdentityAddressline().Error(KER-IOV-005),pr_invalidateToken(),,,,,,,,,,,,,,,,,,,,,,,,,,,,,,,,,,,,,,
66,ErrorCodes_Test,MorocconMaleAdult,,,pr_addApplication(_Missing input parameter - identity/region,,pr_sendOTP().Assert(DONT),pr_validateOTP().Assert(DONT),pr_addApplication_MissingInputParameterIdentityRegion().Error(KER-IOV-005),pr_invalidateToken(),,,,,,,,,,,,,,,,,,,,,,,,,,,,,,,,,,,,,,
67,ErrorCodes_Test,MorocconMaleAdult,,,pr_addApplication(_Missing input parameter - identity/province,,pr_sendOTP().Assert(DONT),pr_validateOTP().Assert(DONT),pr_addApplication_MissingInputParameterIdentityProvince().Error(KER-IOV-005),pr_invalidateToken(),,,,,,,,,,,,,,,,,,,,,,,,,,,,,,,,,,,,,,
68,ErrorCodes_Test,MorocconMaleAdult,,,pr_addApplication(_Missing input parameter - identity/city,,pr_sendOTP().Assert(DONT),pr_validateOTP().Assert(DONT),pr_addApplication_MissingInputParameterIdentityCity().Error(KER-IOV-005),pr_invalidateToken(),,,,,,,,,,,,,,,,,,,,,,,,,,,,,,,,,,,,,,
69,ErrorCodes_Test,MorocconMaleAdult,,,pr_addApplication(_Missing input parameter - identity/localAdministrativeAuthority,,pr_sendOTP().Assert(DONT),pr_validateOTP().Assert(DONT),pr_addApplication_MissingInputParameterIdentityLocaladministrativeauthority().Error(KER-IOV-005),pr_invalidateToken(),,,,,,,,,,,,,,,,,,,,,,,,,,,,,,,,,,,,,,
70,ErrorCodes_Test,MorocconMaleAdult,,,pr_addApplication(_Missing input parameter - identity/postalCode,,pr_sendOTP().Assert(DONT),pr_validateOTP().Assert(DONT),pr_addApplication_MissingInputParameterIdentityPostalcode().Error(KER-IOV-005),pr_invalidateToken(),,,,,,,,,,,,,,,,,,,,,,,,,,,,,,,,,,,,,,
71,ErrorCodes_Test,MorocconMaleAdult,,,pr_addApplication(_Missing input parameter - identity/CNIENumber,,pr_sendOTP().Assert(DONT),pr_validateOTP().Assert(DONT),pr_addApplication_MissingInputParameterIdentityCnienumber().Error(KER-IOV-005),pr_invalidateToken(),,,,,,,,,,,,,,,,,,,,,,,,,,,,,,,,,,,,,,
72,ErrorCodes_Test,MorocconMaleAdult,,,pr_addApplication(_Invalid input parameter - identity/phone,,pr_sendOTP().Assert(DONT),pr_validateOTP().Assert(DONT),pr_addApplication_InvalidInputParameterIdentityPhone().Error(KER-IOV-004),pr_invalidateToken(),,,,,,,,,,,,,,,,,,,,,,,,,,,,,,,,,,,,,,
73,ErrorCodes_Test,MorocconMaleAdult,,,pr_addApplication(_Invalid input parameter - identity/email,,pr_sendOTP().Assert(DONT),pr_validateOTP().Assert(DONT),pr_addApplication_InvalidInputParameterIdentityEmail().Error(KER-IOV-004),pr_invalidateToken(),,,,,,,,,,,,,,,,,,,,,,,,,,,,,,,,,,,,,,
74,ErrorCodes_Test,MorocconMaleAdult,,,pr_updateDemographics_Request id is invalid,,pr_sendOTP().Assert(DONT),pr_validateOTP().Assert(DONT),pr_addApplication().Assert(API_CALL),,pr_updateApplication_RequestIdIsInvalid().Error(PRG_PAM_CORE_001),pr_invalidateToken(),,,,,,,,,,,,,,,,,,,,,,,,,,,,,,,,,,,,
75,ErrorCodes_Test,MorocconMaleAdult,,,pr_updateDemographics_Request version is invalid,,pr_sendOTP().Assert(DONT),pr_validateOTP().Assert(DONT),pr_addApplication().Assert(API_CALL),,pr_updateApplication_RequestVersionIsInvalid().Error(PRG_PAM_CORE_002),pr_invalidateToken(),,,,,,,,,,,,,,,,,,,,,,,,,,,,,,,,,,,,
76,ErrorCodes_Test,MorocconMaleAdult,,,pr_updateDemographics_Request timestamp is invalid,,pr_sendOTP().Assert(DONT),pr_validateOTP().Assert(DONT),pr_addApplication().Assert(API_CALL),,pr_updateApplication_RequestTimestampIsInvalid().Error(PRG_PAM_CORE_003),pr_invalidateToken(),,,,,,,,,,,,,,,,,,,,,,,,,,,,,,,,,,,,
77,ErrorCodes_Test,MorocconMaleAdult,,,pr_updateApplication_Missing input parameter - identity/fullName,,pr_sendOTP().Assert(DONT),pr_validateOTP().Assert(DONT),pr_addApplication().Assert(API_CALL),,pr_updateApplication_MissingInputParameterIdentityFullname().Error(KER-IOV-005),pr_invalidateToken(),,,,,,,,,,,,,,,,,,,,,,,,,,,,,,,,,,,,
78,ErrorCodes_Test,MorocconMaleAdult,,,pr_updateApplication_Missing input parameter - identity/dateOfBirth|identity/age,,pr_sendOTP().Assert(DONT),pr_validateOTP().Assert(DONT),pr_addApplication().Assert(API_CALL),,pr_updateApplication_MissingInputParameterIdentityDateofbirthIdentityAge().Error(KER-IOV-005),pr_invalidateToken(),,,,,,,,,,,,,,,,,,,,,,,,,,,,,,,,,,,,
79,ErrorCodes_Test,MorocconMaleAdult,,,pr_updateApplication_Missing input parameter - identity/gender,,pr_sendOTP().Assert(DONT),pr_validateOTP().Assert(DONT),pr_addApplication().Assert(API_CALL),,pr_updateApplication_MissingInputParameterIdentityGender().Error(KER-IOV-005),pr_invalidateToken(),,,,,,,,,,,,,,,,,,,,,,,,,,,,,,,,,,,,
80,ErrorCodes_Test,MorocconMaleAdult,,,pr_updateApplication_Missing input parameter - identity/residenceStatus,,pr_sendOTP().Assert(DONT),pr_validateOTP().Assert(DONT),pr_addApplication().Assert(API_CALL),,pr_updateApplication_MissingInputParameterIdentityResidencestatus().Error(KER-IOV-005),pr_invalidateToken(),,,,,,,,,,,,,,,,,,,,,,,,,,,,,,,,,,,,
81,ErrorCodes_Test,MorocconMaleAdult,,,pr_updateApplication_Missing input parameter - identity/addressLine1,,pr_sendOTP().Assert(DONT),pr_validateOTP().Assert(DONT),pr_addApplication().Assert(API_CALL),,pr_updateApplication_MissingInputParameterIdentityAddressline().Error(KER-IOV-005),pr_invalidateToken(),,,,,,,,,,,,,,,,,,,,,,,,,,,,,,,,,,,,
82,ErrorCodes_Test,MorocconMaleAdult,,,pr_updateApplication_Missing input parameter - identity/region,,pr_sendOTP().Assert(DONT),pr_validateOTP().Assert(DONT),pr_addApplication().Assert(API_CALL),,pr_updateApplication_MissingInputParameterIdentityRegion().Error(KER-IOV-005),pr_invalidateToken(),,,,,,,,,,,,,,,,,,,,,,,,,,,,,,,,,,,,
83,ErrorCodes_Test,MorocconMaleAdult,,,pr_updateApplication_Missing input parameter - identity/province,,pr_sendOTP().Assert(DONT),pr_validateOTP().Assert(DONT),pr_addApplication().Assert(API_CALL),,pr_updateApplication_MissingInputParameterIdentityProvince().Error(KER-IOV-005),pr_invalidateToken(),,,,,,,,,,,,,,,,,,,,,,,,,,,,,,,,,,,,
84,ErrorCodes_Test,MorocconMaleAdult,,,pr_updateApplication_Missing input parameter - identity/city,,pr_sendOTP().Assert(DONT),pr_validateOTP().Assert(DONT),pr_addApplication().Assert(API_CALL),,pr_updateApplication_MissingInputParameterIdentityCity().Error(KER-IOV-005),pr_invalidateToken(),,,,,,,,,,,,,,,,,,,,,,,,,,,,,,,,,,,,
85,ErrorCodes_Test,MorocconMaleAdult,,,pr_updateApplication_Missing input parameter - identity/postalCode,,pr_sendOTP().Assert(DONT),pr_validateOTP().Assert(DONT),pr_addApplication().Assert(API_CALL),,pr_updateApplication_MissingInputParameterIdentityPostalcode().Error(KER-IOV-005),pr_invalidateToken(),,,,,,,,,,,,,,,,,,,,,,,,,,,,,,,,,,,,
86,ErrorCodes_Test,MorocconMaleAdult,,,pr_updateApplication_Missing input parameter - identity/CNIENumber,,pr_sendOTP().Assert(DONT),pr_validateOTP().Assert(DONT),pr_addApplication().Assert(API_CALL),,pr_updateApplication_MissingInputParameterIdentityCnienumber().Error(KER-IOV-005),pr_invalidateToken(),,,,,,,,,,,,,,,,,,,,,,,,,,,,,,,,,,,,
87,ErrorCodes_Test,MorocconMaleAdult,,,pr_updateApplication_Invalid input parameter - identity/phone,,pr_sendOTP().Assert(DONT),pr_validateOTP().Assert(DONT),pr_addApplication().Assert(API_CALL),,pr_updateApplication_InvalidInputParameterIdentityPhone().Error(KER-IOV-004),pr_invalidateToken(),,,,,,,,,,,,,,,,,,,,,,,,,,,,,,,,,,,,
88,ErrorCodes_Test,MorocconMaleAdult,,,pr_updateApplication_Invalid input parameter - identity/email,,pr_sendOTP().Assert(DONT),pr_validateOTP().Assert(DONT),pr_addApplication().Assert(API_CALL),,pr_updateApplication_InvalidInputParameterIdentityEmail().Error(KER-IOV-004),pr_invalidateToken(),,,,,,,,,,,,,,,,,,,,,,,,,,,,,,,,,,,,
89,ErrorCodes_Test,MorocconMaleAdult,,,pr_addDocument_Validate Invalid or empty Request Id_(ErrorCode: PRG_PAM_CORE_001),,pr_sendOTP().Assert(DONT),pr_validateOTP().Assert(DONT),pr_addApplication().Assert(API_CALL),,pr_addDocument_ValidateInvalidOrEmptyRequestID().Error(PRG_PAM_CORE_001),pr_invalidateToken(),,,,,,,,,,,,,,,,,,,,,,,,,,,,,,,,,,,,
90,ErrorCodes_Test,MorocconMaleAdult,,,pr_addDocument_Validate Invalid or empty Request Version_(ErrorCode: PRG_PAM_CORE_002),,pr_sendOTP().Assert(DONT),pr_validateOTP().Assert(DONT),pr_addApplication().Assert(API_CALL),,pr_addDocument_ValidateInvalidOrEmptyRequestVersion().Error(PRG_PAM_CORE_002),pr_invalidateToken(),,,,,,,,,,,,,,,,,,,,,,,,,,,,,,,,,,,,
91,ErrorCodes_Test,MorocconMaleAdult,,,pr_addDocument_Validate Invalid or empty Request DateTime_(ErrorCode: PRG_PAM_CORE_003),,pr_sendOTP().Assert(DONT),pr_validateOTP().Assert(DONT),pr_addApplication().Assert(API_CALL),,pr_addDocument_ValidateInvalidOrEmptyRequestDateTime().Error(PRG_PAM_CORE_003),pr_invalidateToken(),,,,,,,,,,,,,,,,,,,,,,,,,,,,,,,,,,,,
92,ErrorCodes_Test,MorocconMaleAdult,,,pr_addDocument_Validate when uploaded document size is exceeding the configured size_(ErrorCode: PRG_PAM_DOC_007),,pr_sendOTP().Assert(DONT),pr_validateOTP().Assert(DONT),pr_addApplication().Assert(API_CALL),,pr_addDocument_ValidateDocumentExceedingPermittedSize().Error(PRG_PAM_DOC_007),pr_invalidateToken(),,,,,,,,,,,,,,,,,,,,,,,,,,,,,,,,,,,,
93,ErrorCodes_Test,MorocconMaleAdult,,,pr_addDocument_Validate empty document category code_(ErrorCode: PRG_CORE_REQ_018),,pr_sendOTP().Assert(DONT),pr_validateOTP().Assert(DONT),pr_addApplication().Assert(API_CALL),,pr_addDocument_ValidateInvalidDocumentCategoryCode().Error(PRG_CORE_REQ_018),pr_invalidateToken(),,,,,,,,,,,,,,,,,,,,,,,,,,,,,,,,,,,,
94,ErrorCodes_Test,MorocconMaleAdult,,,pr_addDocument_Validate empty document type code_(ErrorCode: PRG_CORE_REQ_017),,pr_sendOTP().Assert(DONT),pr_validateOTP().Assert(DONT),pr_addApplication().Assert(API_CALL),,pr_addDocument_ValidateInvalidDocumentType().Error(PRG_CORE_REQ_017),pr_invalidateToken(),,,,,,,,,,,,,,,,,,,,,,,,,,,,,,,,,,,,
95,ErrorCodes_Test,MorocconMaleAdult,,,pr_addDocument_Validate If language code is empty_(ErrorCode: PRG_CORE_REQ_014),,pr_sendOTP().Assert(DONT),pr_validateOTP().Assert(DONT),pr_addApplication().Assert(API_CALL),,pr_addDocument_ValidateInvalidLanguageCode().Error(PRG_CORE_REQ_014),pr_invalidateToken(),,,,,,,,,,,,,,,,,,,,,,,,,,,,,,,,,,,,
96,ErrorCodes_Test,MorocconMaleAdult,,,pr_addDocument_Validate invalid preregistration id or data is not found for that preregistration id_(ErrorCode: PRG_PAM_APP_005),,pr_sendOTP().Assert(DONT),pr_validateOTP().Assert(DONT),pr_addApplication().Assert(API_CALL),,pr_addDocument_ValidateInvalidPreRegID().Error(PRG_PAM_APP_005),pr_invalidateToken(),,,,,,,,,,,,,,,,,,,,,,,,,,,,,,,,,,,,
97,ErrorCodes_Test,HOF,,,pr_copyDocument_Validate If source or destination preregistration id is empty_(ErrorCode: PRG_CORE_REQ_001),,pr_sendOTP().Assert(DONT),pr_validateOTP().Assert(DONT),pr_addApplicationAll().Assert(ALL),,"pr_copyDocument_ValidateRequestParameterIsMissing()[1,0].Error(PRG_CORE_REQ_001)",pr_invalidateToken(),,,,,,,,,,,,,,,,,,,,,,,,,,,,,,,,,,,,
98,ErrorCodes_Test,HOF,,,pr_copyDocument_Validate if document category code is not POA_(ErrorCode: PRG_CORE_REQ_017),,pr_sendOTP().Assert(DONT),pr_validateOTP().Assert(DONT),pr_addApplicationAll().Assert(ALL),,"pr_copyDocument_ValidateCatagoryCodeIsInvalid()[1,0].Error(PRG_CORE_REQ_017)",pr_invalidateToken(),,,,,,,,,,,,,,,,,,,,,,,,,,,,,,,,,,,,
99,ErrorCodes_Test,HOF,,,pr_copyDocument_Validate If source preregistration id or destination preregistration id is invalid or no preregistration data found for any of the preregistration id_(ErrorCode: PRG_PAM_APP_005),,pr_sendOTP().Assert(DONT),pr_validateOTP().Assert(DONT),pr_addApplicationAll().Assert(ALL),,"pr_copyDocument_ValidateNoDataFoundForRequestedPreRegID()[1,0].Error(PRG_PAM_APP_005)",pr_invalidateToken(),,,,,,,,,,,,,,,,,,,,,,,,,,,,,,,,,,,,
100,ErrorCodes_Test,MorocconMaleAdult,,,pr_bookAppointment_Request id is invalid,,pr_sendOTP().Assert(DONT),pr_validateOTP().Assert(DONT),pr_addApplication().Assert(API_CALL),,pr_addDocument(),pr_bookAppointment_RequestIdIsInvalid().Error(PRG_PAM_CORE_001),pr_invalidateToken(),,,,,,,,,,,,,,,,,,,,,,,,,,,,,,,,,,,
101,ErrorCodes_Test,MorocconMaleAdult,,,pr_bookAppointment_Request version is invalid,,pr_sendOTP().Assert(DONT),pr_validateOTP().Assert(DONT),pr_addApplication().Assert(API_CALL),,pr_addDocument(),pr_bookAppointment_RequestVersionIsInvalid().Error(PRG_PAM_CORE_002),pr_invalidateToken(),,,,,,,,,,,,,,,,,,,,,,,,,,,,,,,,,,,
102,ErrorCodes_Test,MorocconMaleAdult,,,pr_bookAppointment_Request timestamp is invalid,,pr_sendOTP().Assert(DONT),pr_validateOTP().Assert(DONT),pr_addApplication().Assert(API_CALL),,pr_addDocument(),pr_bookAppointment_RequestTimestampIsInvalid().Error(PRG_PAM_CORE_003),pr_invalidateToken(),,,,,,,,,,,,,,,,,,,,,,,,,,,,,,,,,,,
103,ErrorCodes_Test,MorocconMaleAdult,,,pr_bookAppointment_User has not selected time slot,,pr_sendOTP().Assert(DONT),pr_validateOTP().Assert(DONT),pr_addApplication().Assert(API_CALL),,pr_addDocument(),pr_bookAppointment_UserHasNotSelectedTimeSlot().Error(PRG_BOOK_RCI_003),pr_invalidateToken(),,,,,,,,,,,,,,,,,,,,,,,,,,,,,,,,,,,
104,ErrorCodes_Test,MorocconMaleAdult,,,pr_bookAppointment_Registration center id not entered,,pr_sendOTP().Assert(DONT),pr_validateOTP().Assert(DONT),pr_addApplication().Assert(API_CALL),,pr_addDocument(),pr_bookAppointment_RegistrationCenterIdNotEntered().Error(PRG_BOOK_RCI_007),pr_invalidateToken(),,,,,,,,,,,,,,,,,,,,,,,,,,,,,,,,,,,
105,ErrorCodes_Test,MorocconMaleAdult,,,pr_bookAppointment_Booking date time not selected,,pr_sendOTP().Assert(DONT),pr_validateOTP().Assert(DONT),pr_addApplication().Assert(API_CALL),,pr_addDocument(),pr_bookAppointment_BookingDateTimeNotSelected().Error(PRG_BOOK_RCI_008),pr_invalidateToken(),,,,,,,,,,,,,,,,,,,,,,,,,,,,,,,,,,,
106,ErrorCodes_Test,MorocconMaleAdult,,,pr_bookAppointment_INVALID_DATE_TIME_FORMAT,,pr_sendOTP().Assert(DONT),pr_validateOTP().Assert(DONT),pr_addApplication().Assert(API_CALL),,pr_addDocument(),pr_bookAppointment_InvalidDateTimeFormat().Error(PRG_BOOK_RCI_008),pr_invalidateToken(),,,,,,,,,,,,,,,,,,,,,,,,,,,,,,,,,,,
107,ErrorCodes_Test,MorocconMaleAdult,,,pr_bookAppointment_Invalid Booking Date Time found for preregistration id - 37513708391357,,pr_sendOTP().Assert(DONT),pr_validateOTP().Assert(DONT),pr_addApplication().Assert(API_CALL),,pr_addDocument(),pr_bookAppointment_InvalidBookingDateTimeFoundForPreregistrationId().Error(PRG_BOOK_RCI_031),pr_invalidateToken(),,,,,,,,,,,,,,,,,,,,,,,,,,,,,,,,,,,
108,ErrorCodes_Test,MorocconMaleAdult,,,pr_cancelAppointment_Booking data not found,,pr_sendOTP().Assert(DONT),pr_validateOTP().Assert(DONT),pr_addApplication().Assert(API_CALL),,pr_addDocument(),pr_cancelAppointment_BookingDataNotFound().Error(PRG_BOOK_RCI_013),pr_invalidateToken(),,,,,,,,,,,,,,,,,,,,,,,,,,,,,,,,,,,
109,ErrorCodes_Test,MorocconMaleAdult,,,Verify create pre-reg application by language code  which is not configured,,pr_sendOTP().Assert(DONT),pr_validateOTP().Assert(DONT),pr_addApplication().Assert(API_CALL),pr_invalidateToken(),,,,,,,,,,,,,,,,,,,,,,,,,,,,,,,,,,,,,,
110,ErrorCodes_Test,MorocconMaleAdult,,,Verify create pre-reg application by passing characters in phone number field,,pr_sendOTP().Assert(DONT),pr_validateOTP().Assert(DONT),pr_addApplication().Assert(API_CALL),pr_invalidateToken(),,,,,,,,,,,,,,,,,,,,,,,,,,,,,,,,,,,,,,
111,ErrorCodes_Test,MorocconMaleAdult,,,Verify create pre-reg application by passing only special char in email field,,pr_sendOTP().Assert(DONT),pr_validateOTP().Assert(DONT),pr_addApplication().Assert(API_CALL),pr_invalidateToken(),,,,,,,,,,,,,,,,,,,,,,,,,,,,,,,,,,,,,,
112,ErrorCodes_Test,MorocconMaleAdult,,,Verify create pre-reg application by passing special char in cnie ield,,pr_sendOTP().Assert(DONT),pr_validateOTP().Assert(DONT),pr_addApplication().Error(KER-IOV-004),pr_invalidateToken(),,,,,,,,,,,,,,,,,,,,,,,,,,,,,,,,,,,,,,
113,Positive_Test,MorocconMaleAdult,,,Discard an application after booking an appointment,,pr_sendOTP().Assert(DONT),pr_validateOTP().Assert(DONT),pr_addApplication().Assert(API_CALL),pr_addDocument().Assert(API_CALL),pr_bookAppointment().Assert(API_CALL),pr_deleteApplication().Assert(API_CALL),pr_invalidateToken(),,,,,,,,,,,,,,,,,,,,,,,,,,,,,,,,,,,
