id,personaClass,tag,groupName,userid,^fullName,primaryLang,secondaryLang,dateOfBirth,age,gender,residenceStatus,^addressLine1,^addressLine2,^addressLine3,region,province,city,zone,localAdministrativeAuthority,postalCode,^email,^phone,referenceIdentityNumber,CNIENumber,registrationCenterId,IDSchemaVersion
1,MorocconMaleAdult,,JIN,ambrin@technoforte.co.in,Ambrin Taj%%Amb Tajsfr,eng,,1990/01/01,,MLE,Non-Foreigner,Lot1 Zone,Hareness Road,Casablanca,Rabat Sale Kenitra,Kenitra,Kenitra,Sidi Allal Tazi,Sidi Allal Tazi,14050,ambrin@technoforte.co.in,8277417831,3456787654,3456787654,10001,1
2,MorocconFemaleAdult,,,ambrin@technoforte.co.in,Ambrin Taj,eng,,1990/01/01,,MLE,CITIZEN,Lot1 Zone,Hareness Road,Casablanca,RSK,KTA,KNT,SATZ,Sidi Allal Tazi,14050,mbrin@technoforte.co.in,8277417831,3456787654,3456787654,10001,1
3,NonMorocconMaleAdult,,,ambrin@technoforte.co.in,Tom Miller,eng,,1990/01/01,,Male,FOREIGNER,Hay Nahda,EssaouiraÂ ,Marrakech,RSK,KTA,KNT,SATZ,Sidi Allal Tazi,14050,mbrin@technoforte.co.in,8277417831,3456787654,3456787654,10001,1
4,NonMorocconFemaleAdult,,,ambrin@technoforte.co.in,Misla Miller,eng,,1990/01/01,,MLE,FOREIGNER,Commercial Street,MGRoad,Bangalore,RSK,KTA,KNT,SATZ,Sidi Allal Tazi,14050,mbrin@technoforte.co.in,8277417831,3456787654,3456787654,10001,1
5,HOF,,FAMILY1,ambrin@technoforte.co.in,Nasir Ali,eng,,1990/01/01,,MLE,CITIZEN,Hassan Avenue,Fez-Medina,Agadir,Rabat Sale Kenitra,Kenitra,Kenitra,Sidi Allal Tazi,Sidi Allal Tazi,14050,mbrin@technoforte.co.in,8277417831,3456787654,3456787654,10001,1
6,,,FAMILY1,ambrin@technoforte.co.in,Hafsa Taj,eng,,1990/01/01,,MLE,CITIZEN,Hassan Avenue,Fez-Medina,Agadir,Rabat Sale Kenitra,Kenitra,Kenitra,Sidi Allal Tazi,Sidi Allal Tazi,14050,mbrin@technoforte.co.in,8277417831,3456787654,3456787654,10001,1
7,HOF,,FAMILY2,ambrin@technoforte.co.in,Abdul Latifa,eng,,1990/01/01,,MLE,CITIZEN,Hassan Avenue,Fez-Medina,Agadir,Rabat Sale Kenitra,Kenitra,Kenitra,Sidi Allal Tazi,Sidi Allal Tazi,14050,mbrin@technoforte.co.in,8277417831,3456787654,3456787654,10001,1
8,,,FAMILY2,ambrin@technoforte.co.in,Zasmine Latifa,eng,,1990/01/01,,MLE,CITIZEN,Hassan Avenue,Fez-Medina,Agadir,Rabat Sale Kenitra,Kenitra,Kenitra,Sidi Allal Tazi,Sidi Allal Tazi,14050,mbrin@technoforte.co.in,8277417831,3456787654,3456787654,10001,1
9,,,FAMILY2,ambrin@technoforte.co.in,Yasmine Latifa,eng,,1990/01/01,,MLE,CITIZEN,Hassan Avenue,Fez-Medina,Agadir,Rabat Sale Kenitra,Kenitra,Kenitra,Sidi Allal Tazi,Sidi Allal Tazi,14050,mbrin@technoforte.co.in,8277417831,3456787654,3456787654,10001,1
10,BadPersona,,BAD,ambrin@technoforte.co.in,Yasmine Latifa,eng,,1990/01/01,,MLE,CITIZEN,Hassan Avenue,Fez-Medina,Agadir,RSK,KTA,KNT,SATZ,Sidi Allal Tazi,14050,mbrin@technoforte.co.in,8277417831,3456787654,3456787654,10001,